{"train/learning_rate":1.9921600000000003e-05,"train/epoch":0.04,"train/global_step":200,"_wandb":{"runtime":1122},"train/grad_norm":6.732184886932373,"_step":1,"_timestamp":1.775592584957574e+09,"_runtime":846.4438919,"train/loss":6.1567}